accuracy,predictions
0.391304347826087,"[4 4 4 6 6 4 4 4 5 5 5 4 6 4 5 5 4 4 4 4 2 5 5 4 6 5 4 5 6 5 5 4 5 4 5 5 2
 2 2 6 4 4 6 6 6 5 6 6 6 6 4 6 6 6 6 6 5 5 6 5 6 6 2 5 6 6 5 6 4 5 6 6 7 5
 6 6 6 6 5]"
0.43478260869565216,"[4 1 6 6 4 6 6 6 6 6 6 6 6 6 6 6 4 4 4 6 4 6 6 4 5 2 6 6 6 6 4 6 4 4 6 1 2
 1 6 6 6 4 6 6 5 5 5 6 6 5 4 6 6 5 6 5 6 4 6 2 6 4 6 6 6 5 4 5 6 6 5 6 2 5
 5 5 6 6 4]"
