accuracy,predictions
0.42028985507246375,"[4 4 5 6 4 5 4 4 5 5 5 4 5 6 5 4 5 4 4 6 4 6 5 4 4 5 4 5 5 4 5 6 5 5 5 3 2
 6 6 6 4 6 6 6 5 6 5 6 6 5 4 6 6 6 5 5 6 6 6 2 6 6 4 6 6 6 3 5 6 6 5 6 5 5
 6 5 5 6 5]"
0.463768115942029,"[5 2 5 5 4 5 1 1 5 5 5 5 5 4 5 5 5 6 4 6 6 6 5 4 5 5 5 5 6 4 5 6 5 5 6 2 5
 2 6 6 6 5 6 6 5 6 4 6 6 5 4 4 6 6 5 5 6 6 6 4 6 4 6 6 5 6 7 5 6 6 4 6 5 5
 6 5 6 6 5]"
