accuracy,predictions
0.7362637362637363,"[5 2 9 9 5 9 9 5 6 5 6 4 9 5 5 5 6 6 4 4 5 5 5 4 5 7 4 5 5 4 4 5 4 4 6 5 5
 5 6 6 9 6 6 5 6 5 5 6 6 6 4 5 6 6 6 5 6 6 6 4 6 4 2 6 6 6 5 5 9 6 5 6 5 5
 6 6 5 6 5]"
0.7142857142857143,"[4 2 4 4 4 4 4 5 6 6 4 6 4 6 5 4 4 6 4 6 2 6 4 4 6 5 6 5 6 4 4 6 5 4 6 5 2
 6 6 6 6 4 6 6 6 6 5 5 6 5 4 6 6 6 6 6 6 6 6 4 6 4 4 6 6 6 7 6 9 6 6 6 4 5
 6 6 5 6 5]"
0.7582417582417582,"[5 2 2 4 4 5 4 5 6 4 5 5 5 4 5 6 5 6 4 4 2 6 5 4 5 5 6 5 4 4 4 5 4 6 6 2 2
 2 6 6 6 6 6 6 5 6 5 9 6 5 3 5 6 6 6 6 5 6 6 4 6 4 6 6 5 5 7 5 4 5 6 6 5 5
 6 6 6 6 5]"
0.7362637362637363,"[5 2 5 4 4 5 5 5 5 6 5 6 5 5 5 5 5 6 4 6 6 6 5 5 5 7 4 5 5 4 5 6 4 5 6 4 2
 4 6 6 6 4 6 6 5 6 3 6 6 5 4 5 6 6 6 6 6 6 6 5 6 6 6 6 6 6 5 5 6 5 5 6 4 5
 6 6 5 6 5]"
0.7032967032967034,"[5 2 5 4 4 9 9 9 9 4 5 5 5 5 5 5 5 4 4 9 6 5 6 2 6 5 5 5 5 5 4 5 5 4 5 2 5
 2 6 6 6 5 6 6 5 6 3 5 6 5 4 5 6 6 6 6 6 4 6 4 6 6 6 6 6 6 5 5 6 5 6 6 5 5
 6 5 5 6 5]"
