accuracy,predictions
0.36231884057971014,"[1 1 2 7 7 1 1 7 1 7 1 1 1 7 1 7 1 1 5 7 7 7 1 1 5 6 1 7 6 4 1 7 6 1 7 7 2
 7 5 6 6 2 6 5 6 6 5 5 6 5 6 7 6 6 6 6 6 6 6 6 6 7 5 6 6 5 7 5 6 5 7 5 5 6
 6 6 6 6 5]"
0.3333333333333333,"[4 1 4 7 7 1 1 2 1 7 4 4 1 7 4 7 1 1 2 7 2 7 4 1 6 5 4 7 4 4 1 7 6 1 7 7 4
 7 6 6 6 2 6 6 6 6 6 6 6 6 6 6 6 6 6 6 6 6 6 5 6 7 5 6 6 3 7 6 6 6 7 6 5 6
 6 6 6 6 3]"
